Rank,Score_Potencial,Nome_Estudio,Bairro,Avaliação_Google,Total_Avaliações,Telefone,Link_WhatsApp,Instagram,Website,Abordagem_1_Inicial,Resposta_2_Demonstracao_SIM,Fechamento_3_Oferta_Preco_Pix,Endereço,Link_GoogleMaps
1,100,Curso Extensão de cílios - Studio Edivania Paiva Extensão de cílios Goiânia,Setor Central,5.0,265,+55 62 99394-5144,https://wa.me/5562993945144,@edivaniapaivaacademy,https://www.instagram.com/edivaniapaivaacademy/,"Oii Edivania, tudo bem? 💕 Vi o seu perfil no Google e achei os seus trabalhos de cílios simplesmente perfeitos! 😍✨

Sei como é corrido o dia a dia e quanto tempo a gente perde no WhatsApp explicando técnicas (Fio a Fio, Volume Russo, Brasileiro) e enviando tabelas soltas... 📝📲

Criamos o *LashMenu*, um catálogo digital interativo e super elegante para você colocar no link da bio do Instagram e mandar nas conversas, deixando seu atendimento muito mais profissional e acelerando os seus agendamentos! 💖🌸

Posso te mandar um modelo de demonstração para você ver como fica lindo na prática? 👁️✨","Que ótimo Edivania! 😍💖 Segue o link de um modelo pronto para você testar a experiência como se fosse sua cliente:
👉 https://lashmenu.com/c/harmonia-rose ✨

Se você gostar da estrutura, me envia aqui uma foto ou lista dos seus procedimentos com os preços atuais que eu já monto a versão exclusiva do seu estúdio para você ver na prática! 🌸📲","Prontinho Edivania! 🌸✨ Montei o catálogo exclusivo do seu estúdio para você dar uma olhada:
👉 [LINK_DO_CATALOGO_PERSONALIZADO_DELA] 😍💖

A assinatura da plataforma com suporte completo e hospedagem fica por R$ 197 no site oficial (https://lashmenu.com).

Mas como estamos conversando diretamente por aqui no WhatsApp, conseguimos uma condição super especial de 15% de desconto via Pix: fica por apenas *R$ 167 (pagamento único sem mensalidades)*! 🎉💎

Quer que eu já te envie a chave Pix para liberarmos o seu link definitivo hoje mesmo? 🚀💕","Av. Anhanguera, 5389 - St. Central, Goiânia - GO, 74043-010, Brasil",https://www.google.com/maps/search/?api=1&query=Curso%20Extens%C3%A3o%20de%20c%C3%ADlios%20-%20Studio%20Edivania%20Paiva%20Extens%C3%A3o%20de%20c%C3%ADlios%20Goi%C3%A2nia&query_place_id=ChIJNcJRVe7xXpMRegJRirWTQ3Q
2,100,"Studio Layfer, Cílios, Micropigmentação e Estética - St. Alto da Glória",Alto da Glória,5.0,228,+55 62 98450-3988,https://wa.me/5562984503988,@studio.layfer,https://www.instagram.com/studio.layfer/,"Oii Layfer, tudo bem? 💕 Vi o seu perfil no Google e achei os seus trabalhos de cílios simplesmente perfeitos! 😍✨

Sei como é corrido o dia a dia e quanto tempo a gente perde no WhatsApp explicando técnicas (Fio a Fio, Volume Russo, Brasileiro) e enviando tabelas soltas... 📝📲

Criamos o *LashMenu*, um catálogo digital interativo e super elegante para você colocar no link da bio do Instagram e mandar nas conversas, deixando seu atendimento muito mais profissional e acelerando os seus agendamentos! 💖🌸

Posso te mandar um modelo de demonstração para você ver como fica lindo na prática? 👁️✨","Que ótimo Layfer! 😍💖 Segue o link de um modelo pronto para você testar a experiência como se fosse sua cliente:
👉 https://lashmenu.com/c/harmonia-rose ✨

Se você gostar da estrutura, me envia aqui uma foto ou lista dos seus procedimentos com os preços atuais que eu já monto a versão exclusiva do seu estúdio para você ver na prática! 🌸📲","Prontinho Layfer! 🌸✨ Montei o catálogo exclusivo do seu estúdio para você dar uma olhada:
👉 [LINK_DO_CATALOGO_PERSONALIZADO_DELA] 😍💖

A assinatura da plataforma com suporte completo e hospedagem fica por R$ 197 no site oficial (https://lashmenu.com).

Mas como estamos conversando diretamente por aqui no WhatsApp, conseguimos uma condição super especial de 15% de desconto via Pix: fica por apenas *R$ 167 (pagamento único sem mensalidades)*! 🎉💎

Quer que eu já te envie a chave Pix para liberarmos o seu link definitivo hoje mesmo? 🚀💕","Av. São João esq. c/ Rua Vitoria, Qd. 9, Lt. 11, Alto da Glória Sala 301., 3º Andar - Alto da Glória, Goiânia - GO, 74815-745, Brasil",https://www.google.com/maps/search/?api=1&query=Studio%20Layfer%2C%20C%C3%ADlios%2C%20Micropigmenta%C3%A7%C3%A3o%20e%20Est%C3%A9tica%20-%20St.%20Alto%20da%20Gl%C3%B3ria&query_place_id=ChIJzxi2-6PxXpMRk_q1l5AoAD4
3,95,"Studio Larissa Lobo. Especializado em sobrancelhas, cílios e estética.",Setor Bueno,4.8,117,+55 62 3088-6622,https://wa.me/556230886622,,http://larissalobobeauty.com.br/,"Oii Larissa, tudo bem? 💕 Vi o seu perfil no Google e achei os seus trabalhos de cílios simplesmente perfeitos! 😍✨

Sei como é corrido o dia a dia e quanto tempo a gente perde no WhatsApp explicando técnicas (Fio a Fio, Volume Russo, Brasileiro) e enviando tabelas soltas... 📝📲

Criamos o *LashMenu*, um catálogo digital interativo e super elegante para você colocar no link da bio do Instagram e mandar nas conversas, deixando seu atendimento muito mais profissional e acelerando os seus agendamentos! 💖🌸

Posso te mandar um modelo de demonstração para você ver como fica lindo na prática? 👁️✨","Que ótimo Larissa! 😍💖 Segue o link de um modelo pronto para você testar a experiência como se fosse sua cliente:
👉 https://lashmenu.com/c/harmonia-rose ✨

Se você gostar da estrutura, me envia aqui uma foto ou lista dos seus procedimentos com os preços atuais que eu já monto a versão exclusiva do seu estúdio para você ver na prática! 🌸📲","Prontinho Larissa! 🌸✨ Montei o catálogo exclusivo do seu estúdio para você dar uma olhada:
👉 [LINK_DO_CATALOGO_PERSONALIZADO_DELA] 😍💖

A assinatura da plataforma com suporte completo e hospedagem fica por R$ 197 no site oficial (https://lashmenu.com).

Mas como estamos conversando diretamente por aqui no WhatsApp, conseguimos uma condição super especial de 15% de desconto via Pix: fica por apenas *R$ 167 (pagamento único sem mensalidades)*! 🎉💎

Quer que eu já te envie a chave Pix para liberarmos o seu link definitivo hoje mesmo? 🚀💕","R. T 1-A, 63 - St. Bueno, Goiânia - GO, 74210-330, Brasil",https://www.google.com/maps/search/?api=1&query=Studio%20Larissa%20Lobo.%20Especializado%20em%20sobrancelhas%2C%20c%C3%ADlios%20e%20est%C3%A9tica.&query_place_id=ChIJjchOyjzxXpMRxFD2HiV89GI
4,95,Extensão de cílios Goiania - Studio Leticia Santana Lash Design,Setor Bueno,5.0,83,+55 62 99361-5571,https://wa.me/5562993615571,,https://studioleticiasantana.com.br/,"Oii Leticia, tudo bem? 💕 Vi o seu perfil no Google e achei os seus trabalhos de cílios simplesmente perfeitos! 😍✨

Sei como é corrido o dia a dia e quanto tempo a gente perde no WhatsApp explicando técnicas (Fio a Fio, Volume Russo, Brasileiro) e enviando tabelas soltas... 📝📲

Criamos o *LashMenu*, um catálogo digital interativo e super elegante para você colocar no link da bio do Instagram e mandar nas conversas, deixando seu atendimento muito mais profissional e acelerando os seus agendamentos! 💖🌸

Posso te mandar um modelo de demonstração para você ver como fica lindo na prática? 👁️✨","Que ótimo Leticia! 😍💖 Segue o link de um modelo pronto para você testar a experiência como se fosse sua cliente:
👉 https://lashmenu.com/c/harmonia-rose ✨

Se você gostar da estrutura, me envia aqui uma foto ou lista dos seus procedimentos com os preços atuais que eu já monto a versão exclusiva do seu estúdio para você ver na prática! 🌸📲","Prontinho Leticia! 🌸✨ Montei o catálogo exclusivo do seu estúdio para você dar uma olhada:
👉 [LINK_DO_CATALOGO_PERSONALIZADO_DELA] 😍💖

A assinatura da plataforma com suporte completo e hospedagem fica por R$ 197 no site oficial (https://lashmenu.com).

Mas como estamos conversando diretamente por aqui no WhatsApp, conseguimos uma condição super especial de 15% de desconto via Pix: fica por apenas *R$ 167 (pagamento único sem mensalidades)*! 🎉💎

Quer que eu já te envie a chave Pix para liberarmos o seu link definitivo hoje mesmo? 🚀💕","Av. T-15, 1380 - St. Bueno, Goiânia - GO, 74230-010, Brasil",https://www.google.com/maps/search/?api=1&query=Extens%C3%A3o%20de%20c%C3%ADlios%20Goiania%20-%20Studio%20Leticia%20Santana%20Lash%20Design&query_place_id=ChIJG9x9B23xXpMRznt7moxKXfw
5,95,Extensão de cílios By Poliana Souza,Setor Marista,4.9,57,+55 62 99118-9134,https://wa.me/5562991189134,,https://wa.me/message/LLEUM6GZ7Y7DM1,"Oii Poliana, tudo bem? 💕 Vi o seu perfil no Google e achei os seus trabalhos de cílios simplesmente perfeitos! 😍✨

Sei como é corrido o dia a dia e quanto tempo a gente perde no WhatsApp explicando técnicas (Fio a Fio, Volume Russo, Brasileiro) e enviando tabelas soltas... 📝📲

Criamos o *LashMenu*, um catálogo digital interativo e super elegante para você colocar no link da bio do Instagram e mandar nas conversas, deixando seu atendimento muito mais profissional e acelerando os seus agendamentos! 💖🌸

Posso te mandar um modelo de demonstração para você ver como fica lindo na prática? 👁️✨","Que ótimo Poliana! 😍💖 Segue o link de um modelo pronto para você testar a experiência como se fosse sua cliente:
👉 https://lashmenu.com/c/harmonia-rose ✨

Se você gostar da estrutura, me envia aqui uma foto ou lista dos seus procedimentos com os preços atuais que eu já monto a versão exclusiva do seu estúdio para você ver na prática! 🌸📲","Prontinho Poliana! 🌸✨ Montei o catálogo exclusivo do seu estúdio para você dar uma olhada:
👉 [LINK_DO_CATALOGO_PERSONALIZADO_DELA] 😍💖

A assinatura da plataforma com suporte completo e hospedagem fica por R$ 197 no site oficial (https://lashmenu.com).

Mas como estamos conversando diretamente por aqui no WhatsApp, conseguimos uma condição super especial de 15% de desconto via Pix: fica por apenas *R$ 167 (pagamento único sem mensalidades)*! 🎉💎

Quer que eu já te envie a chave Pix para liberarmos o seu link definitivo hoje mesmo? 🚀💕","R. 1137, 225 - QD; 243 LOTE 2 - St. Marista, Goiânia - GO, 74180-160, Brasil",https://www.google.com/maps/search/?api=1&query=Extens%C3%A3o%20de%20c%C3%ADlios%20By%20Poliana%20Souza&query_place_id=ChIJl_ZyRl_xXpMRoMv8tRv3jHo
6,95,Tanielly Duarte Studio Beauty,Alto da Glória,5.0,53,+55 62 98494-6565,https://wa.me/5562984946565,@taniellyduartemakeup,https://www.instagram.com/taniellyduartemakeup/,"Oii Tanielly, tudo bem? 💕 Vi o seu perfil no Google e achei os seus trabalhos de cílios simplesmente perfeitos! 😍✨

Sei como é corrido o dia a dia e quanto tempo a gente perde no WhatsApp explicando técnicas (Fio a Fio, Volume Russo, Brasileiro) e enviando tabelas soltas... 📝📲

Criamos o *LashMenu*, um catálogo digital interativo e super elegante para você colocar no link da bio do Instagram e mandar nas conversas, deixando seu atendimento muito mais profissional e acelerando os seus agendamentos! 💖🌸

Posso te mandar um modelo de demonstração para você ver como fica lindo na prática? 👁️✨","Que ótimo Tanielly! 😍💖 Segue o link de um modelo pronto para você testar a experiência como se fosse sua cliente:
👉 https://lashmenu.com/c/harmonia-rose ✨

Se você gostar da estrutura, me envia aqui uma foto ou lista dos seus procedimentos com os preços atuais que eu já monto a versão exclusiva do seu estúdio para você ver na prática! 🌸📲","Prontinho Tanielly! 🌸✨ Montei o catálogo exclusivo do seu estúdio para você dar uma olhada:
👉 [LINK_DO_CATALOGO_PERSONALIZADO_DELA] 😍💖

A assinatura da plataforma com suporte completo e hospedagem fica por R$ 197 no site oficial (https://lashmenu.com).

Mas como estamos conversando diretamente por aqui no WhatsApp, conseguimos uma condição super especial de 15% de desconto via Pix: fica por apenas *R$ 167 (pagamento único sem mensalidades)*! 🎉💎

Quer que eu já te envie a chave Pix para liberarmos o seu link definitivo hoje mesmo? 🚀💕","R. São Luís, 364 - Alto da Glória, Goiânia - GO, 74815-755, Brasil",https://www.google.com/maps/search/?api=1&query=Tanielly%20Duarte%20Studio%20Beauty&query_place_id=ChIJw-k52L7xXpMRSfLrH3GEy1E
7,90,Serena Beauty,Jardim Goiás,4.7,55,+55 62 98130-8053,https://wa.me/5562981308053,,https://www.annajulialashes.com.br/,"Oii Serena, tudo bem? 💕 Vi o seu perfil no Google e achei os seus trabalhos de cílios simplesmente perfeitos! 😍✨

Sei como é corrido o dia a dia e quanto tempo a gente perde no WhatsApp explicando técnicas (Fio a Fio, Volume Russo, Brasileiro) e enviando tabelas soltas... 📝📲

Criamos o *LashMenu*, um catálogo digital interativo e super elegante para você colocar no link da bio do Instagram e mandar nas conversas, deixando seu atendimento muito mais profissional e acelerando os seus agendamentos! 💖🌸

Posso te mandar um modelo de demonstração para você ver como fica lindo na prática? 👁️✨","Que ótimo Serena! 😍💖 Segue o link de um modelo pronto para você testar a experiência como se fosse sua cliente:
👉 https://lashmenu.com/c/harmonia-rose ✨

Se você gostar da estrutura, me envia aqui uma foto ou lista dos seus procedimentos com os preços atuais que eu já monto a versão exclusiva do seu estúdio para você ver na prática! 🌸📲","Prontinho Serena! 🌸✨ Montei o catálogo exclusivo do seu estúdio para você dar uma olhada:
👉 [LINK_DO_CATALOGO_PERSONALIZADO_DELA] 😍💖

A assinatura da plataforma com suporte completo e hospedagem fica por R$ 197 no site oficial (https://lashmenu.com).

Mas como estamos conversando diretamente por aqui no WhatsApp, conseguimos uma condição super especial de 15% de desconto via Pix: fica por apenas *R$ 167 (pagamento único sem mensalidades)*! 🎉💎

Quer que eu já te envie a chave Pix para liberarmos o seu link definitivo hoje mesmo? 🚀💕","Edifício Trend Office - R. 72, 325 - Sl 1101 - Jardim Goiás, Goiânia - GO, 74805-480, Brasil",https://www.google.com/maps/search/?api=1&query=Serena%20Beauty&query_place_id=ChIJ30V_nJLzXpMRZxr4KhUVXi8
8,85,"Studio Cinthya Montanini Goiânia, Extensão de Cílios, Micropigmentação de Sobrancelha, Labial e alongamento de unha",Setor Bela Vista,5.0,74,+55 62 98595-0994,https://wa.me/5562985950994,@cinthyamontanini,https://www.instagram.com/cinthyamontanini/,"Oii Cinthya, tudo bem? 💕 Vi o seu perfil no Google e achei os seus trabalhos de cílios simplesmente perfeitos! 😍✨

Sei como é corrido o dia a dia e quanto tempo a gente perde no WhatsApp explicando técnicas (Fio a Fio, Volume Russo, Brasileiro) e enviando tabelas soltas... 📝📲

Criamos o *LashMenu*, um catálogo digital interativo e super elegante para você colocar no link da bio do Instagram e mandar nas conversas, deixando seu atendimento muito mais profissional e acelerando os seus agendamentos! 💖🌸

Posso te mandar um modelo de demonstração para você ver como fica lindo na prática? 👁️✨","Que ótimo Cinthya! 😍💖 Segue o link de um modelo pronto para você testar a experiência como se fosse sua cliente:
👉 https://lashmenu.com/c/harmonia-rose ✨

Se você gostar da estrutura, me envia aqui uma foto ou lista dos seus procedimentos com os preços atuais que eu já monto a versão exclusiva do seu estúdio para você ver na prática! 🌸📲","Prontinho Cinthya! 🌸✨ Montei o catálogo exclusivo do seu estúdio para você dar uma olhada:
👉 [LINK_DO_CATALOGO_PERSONALIZADO_DELA] 😍💖

A assinatura da plataforma com suporte completo e hospedagem fica por R$ 197 no site oficial (https://lashmenu.com).

Mas como estamos conversando diretamente por aqui no WhatsApp, conseguimos uma condição super especial de 15% de desconto via Pix: fica por apenas *R$ 167 (pagamento único sem mensalidades)*! 🎉💎

Quer que eu já te envie a chave Pix para liberarmos o seu link definitivo hoje mesmo? 🚀💕","Comercial das acácias - Alameda Couto Magalhães, 755 - qd S-28 lt 4 sala 201 - St. Bela Vista, Goiânia - GO, 74823-410, Brasil",https://www.google.com/maps/search/?api=1&query=Studio%20Cinthya%20Montanini%20Goi%C3%A2nia%2C%20Extens%C3%A3o%20de%20C%C3%ADlios%2C%20Micropigmenta%C3%A7%C3%A3o%20de%20Sobrancelha%2C%20Labial%20e%20alongamento%20de%20unha&query_place_id=ChIJGzUau7jxXpMRuco3wD_9oYU
9,85,Design de Sobrancelhas e brow lamination Goiânia - Milenne Beauty Organiq,Setor Sul,5.0,73,+55 62 98111-2183,https://wa.me/5562981112183,@milennebeauty,https://www.instagram.com/milennebeauty/,"Oii Design, tudo bem? 💕 Vi o seu perfil no Google e achei os seus trabalhos de cílios simplesmente perfeitos! 😍✨

Sei como é corrido o dia a dia e quanto tempo a gente perde no WhatsApp explicando técnicas (Fio a Fio, Volume Russo, Brasileiro) e enviando tabelas soltas... 📝📲

Criamos o *LashMenu*, um catálogo digital interativo e super elegante para você colocar no link da bio do Instagram e mandar nas conversas, deixando seu atendimento muito mais profissional e acelerando os seus agendamentos! 💖🌸

Posso te mandar um modelo de demonstração para você ver como fica lindo na prática? 👁️✨","Que ótimo Design! 😍💖 Segue o link de um modelo pronto para você testar a experiência como se fosse sua cliente:
👉 https://lashmenu.com/c/harmonia-rose ✨

Se você gostar da estrutura, me envia aqui uma foto ou lista dos seus procedimentos com os preços atuais que eu já monto a versão exclusiva do seu estúdio para você ver na prática! 🌸📲","Prontinho Design! 🌸✨ Montei o catálogo exclusivo do seu estúdio para você dar uma olhada:
👉 [LINK_DO_CATALOGO_PERSONALIZADO_DELA] 😍💖

A assinatura da plataforma com suporte completo e hospedagem fica por R$ 197 no site oficial (https://lashmenu.com).

Mas como estamos conversando diretamente por aqui no WhatsApp, conseguimos uma condição super especial de 15% de desconto via Pix: fica por apenas *R$ 167 (pagamento único sem mensalidades)*! 🎉💎

Quer que eu já te envie a chave Pix para liberarmos o seu link definitivo hoje mesmo? 🚀💕","Rua 131 Q Area, 342 - St. Sul, Goiânia - GO, 74093-200, Brasil",https://www.google.com/maps/search/?api=1&query=Design%20de%20Sobrancelhas%20e%20brow%20lamination%20Goi%C3%A2nia%20-%20Milenne%20Beauty%20Organiq&query_place_id=ChIJKSdJ9xXxXpMR2i-K-1q6l5w
10,85,Extensão de Cílios e Design de Sobrancelhas | Studio Brunna Lima Beauty Goiânia,Setor Leste Universitário,5.0,68,+55 62 98275-9174,https://wa.me/5562982759174,@brunnalimabeauty,https://www.instagram.com/brunnalimabeauty?igsh=MXd0eWlxY3MxcjRnYw==,"Oii Design, tudo bem? 💕 Vi o seu perfil no Google e achei os seus trabalhos de cílios simplesmente perfeitos! 😍✨

Sei como é corrido o dia a dia e quanto tempo a gente perde no WhatsApp explicando técnicas (Fio a Fio, Volume Russo, Brasileiro) e enviando tabelas soltas... 📝📲

Criamos o *LashMenu*, um catálogo digital interativo e super elegante para você colocar no link da bio do Instagram e mandar nas conversas, deixando seu atendimento muito mais profissional e acelerando os seus agendamentos! 💖🌸

Posso te mandar um modelo de demonstração para você ver como fica lindo na prática? 👁️✨","Que ótimo Design! 😍💖 Segue o link de um modelo pronto para você testar a experiência como se fosse sua cliente:
👉 https://lashmenu.com/c/harmonia-rose ✨

Se você gostar da estrutura, me envia aqui uma foto ou lista dos seus procedimentos com os preços atuais que eu já monto a versão exclusiva do seu estúdio para você ver na prática! 🌸📲","Prontinho Design! 🌸✨ Montei o catálogo exclusivo do seu estúdio para você dar uma olhada:
👉 [LINK_DO_CATALOGO_PERSONALIZADO_DELA] 😍💖

A assinatura da plataforma com suporte completo e hospedagem fica por R$ 197 no site oficial (https://lashmenu.com).

Mas como estamos conversando diretamente por aqui no WhatsApp, conseguimos uma condição super especial de 15% de desconto via Pix: fica por apenas *R$ 167 (pagamento único sem mensalidades)*! 🎉💎

Quer que eu já te envie a chave Pix para liberarmos o seu link definitivo hoje mesmo? 🚀💕","R. 217, 930 - Setor Leste Universitário, Goiânia - GO, 74603-090, Brasil",https://www.google.com/maps/search/?api=1&query=Extens%C3%A3o%20de%20C%C3%ADlios%20e%20Design%20de%20Sobrancelhas%20%7C%20Studio%20Brunna%20Lima%20Beauty%20Goi%C3%A2nia&query_place_id=ChIJr9nEaLHzXpMR93NBR10NBeY
11,85,Bella Cílios e sobrancelhas,Setor Negrão de Lima,4.9,52,+55 62 98473-3800,https://wa.me/5562984733800,@bellaciliosesobrancelhasgo,https://www.instagram.com/bellaciliosesobrancelhasgo,"Oii Bella, tudo bem? 💕 Vi o seu perfil no Google e achei os seus trabalhos de cílios simplesmente perfeitos! 😍✨

Sei como é corrido o dia a dia e quanto tempo a gente perde no WhatsApp explicando técnicas (Fio a Fio, Volume Russo, Brasileiro) e enviando tabelas soltas... 📝📲

Criamos o *LashMenu*, um catálogo digital interativo e super elegante para você colocar no link da bio do Instagram e mandar nas conversas, deixando seu atendimento muito mais profissional e acelerando os seus agendamentos! 💖🌸

Posso te mandar um modelo de demonstração para você ver como fica lindo na prática? 👁️✨","Que ótimo Bella! 😍💖 Segue o link de um modelo pronto para você testar a experiência como se fosse sua cliente:
👉 https://lashmenu.com/c/harmonia-rose ✨

Se você gostar da estrutura, me envia aqui uma foto ou lista dos seus procedimentos com os preços atuais que eu já monto a versão exclusiva do seu estúdio para você ver na prática! 🌸📲","Prontinho Bella! 🌸✨ Montei o catálogo exclusivo do seu estúdio para você dar uma olhada:
👉 [LINK_DO_CATALOGO_PERSONALIZADO_DELA] 😍💖

A assinatura da plataforma com suporte completo e hospedagem fica por R$ 197 no site oficial (https://lashmenu.com).

Mas como estamos conversando diretamente por aqui no WhatsApp, conseguimos uma condição super especial de 15% de desconto via Pix: fica por apenas *R$ 167 (pagamento único sem mensalidades)*! 🎉💎

Quer que eu já te envie a chave Pix para liberarmos o seu link definitivo hoje mesmo? 🚀💕","R. Dona Mariquinha, Qd 21 - Lt 26 sala 01 - Setor Negrão de Lima, Goiânia - GO, 74650-130, Brasil",https://www.google.com/maps/search/?api=1&query=Bella%20C%C3%ADlios%20e%20sobrancelhas&query_place_id=ChIJqcYJEjXyXpMRtnQQ3biylr4
12,80,Studio Maria Eugênia Sobrancelhas,Parque Atheneu,5.0,48,+55 62 98447-9988,https://wa.me/5562984479988,@mariaeugeniasobrancelhas,https://instagram.com/mariaeugeniasobrancelhas?utm_medium=copy_link,"Oii Maria, tudo bem? 💕 Vi o seu perfil no Google e achei os seus trabalhos de cílios simplesmente perfeitos! 😍✨

Sei como é corrido o dia a dia e quanto tempo a gente perde no WhatsApp explicando técnicas (Fio a Fio, Volume Russo, Brasileiro) e enviando tabelas soltas... 📝📲

Criamos o *LashMenu*, um catálogo digital interativo e super elegante para você colocar no link da bio do Instagram e mandar nas conversas, deixando seu atendimento muito mais profissional e acelerando os seus agendamentos! 💖🌸

Posso te mandar um modelo de demonstração para você ver como fica lindo na prática? 👁️✨","Que ótimo Maria! 😍💖 Segue o link de um modelo pronto para você testar a experiência como se fosse sua cliente:
👉 https://lashmenu.com/c/harmonia-rose ✨

Se você gostar da estrutura, me envia aqui uma foto ou lista dos seus procedimentos com os preços atuais que eu já monto a versão exclusiva do seu estúdio para você ver na prática! 🌸📲","Prontinho Maria! 🌸✨ Montei o catálogo exclusivo do seu estúdio para você dar uma olhada:
👉 [LINK_DO_CATALOGO_PERSONALIZADO_DELA] 😍💖

A assinatura da plataforma com suporte completo e hospedagem fica por R$ 197 no site oficial (https://lashmenu.com).

Mas como estamos conversando diretamente por aqui no WhatsApp, conseguimos uma condição super especial de 15% de desconto via Pix: fica por apenas *R$ 167 (pagamento único sem mensalidades)*! 🎉💎

Quer que eu já te envie a chave Pix para liberarmos o seu link definitivo hoje mesmo? 🚀💕","R. 3, lote 8 - unidade 103 - Parque Atheneu, Goiânia - GO, 74893-130, Brasil",https://www.google.com/maps/search/?api=1&query=Studio%20Maria%20Eug%C3%AAnia%20Sobrancelhas&query_place_id=ChIJU43d51L1XpMRs5E5kKLMxX0
13,80,Mariane Moreno Sobrancelhas,Parque Atheneu,5.0,43,+55 62 99996-1107,https://wa.me/5562999961107,@marianemoreno.sobrancelhas,https://www.instagram.com/marianemoreno.sobrancelhas?r=nametag,"Oii Mariane, tudo bem? 💕 Vi o seu perfil no Google e achei os seus trabalhos de cílios simplesmente perfeitos! 😍✨

Sei como é corrido o dia a dia e quanto tempo a gente perde no WhatsApp explicando técnicas (Fio a Fio, Volume Russo, Brasileiro) e enviando tabelas soltas... 📝📲

Criamos o *LashMenu*, um catálogo digital interativo e super elegante para você colocar no link da bio do Instagram e mandar nas conversas, deixando seu atendimento muito mais profissional e acelerando os seus agendamentos! 💖🌸

Posso te mandar um modelo de demonstração para você ver como fica lindo na prática? 👁️✨","Que ótimo Mariane! 😍💖 Segue o link de um modelo pronto para você testar a experiência como se fosse sua cliente:
👉 https://lashmenu.com/c/harmonia-rose ✨

Se você gostar da estrutura, me envia aqui uma foto ou lista dos seus procedimentos com os preços atuais que eu já monto a versão exclusiva do seu estúdio para você ver na prática! 🌸📲","Prontinho Mariane! 🌸✨ Montei o catálogo exclusivo do seu estúdio para você dar uma olhada:
👉 [LINK_DO_CATALOGO_PERSONALIZADO_DELA] 😍💖

A assinatura da plataforma com suporte completo e hospedagem fica por R$ 197 no site oficial (https://lashmenu.com).

Mas como estamos conversando diretamente por aqui no WhatsApp, conseguimos uma condição super especial de 15% de desconto via Pix: fica por apenas *R$ 167 (pagamento único sem mensalidades)*! 🎉💎

Quer que eu já te envie a chave Pix para liberarmos o seu link definitivo hoje mesmo? 🚀💕","R. Quinze, 47 - Und 201 - Parque Atheneu, Goiânia - GO, 74890-230, Brasil",https://www.google.com/maps/search/?api=1&query=Mariane%20Moreno%20Sobrancelhas&query_place_id=ChIJX1H2g17lXpMRgNeUw_-gzZw
14,80,Studio Isabela Souza | Cílios e Sobrancelhas em Goiânia,Vila Redencao,5.0,31,+55 62 99304-1775,https://wa.me/5562993041775,@studioisabelasouza,https://www.instagram.com/studioisabelasouza,"Oii Isabela, tudo bem? 💕 Vi o seu perfil no Google e achei os seus trabalhos de cílios simplesmente perfeitos! 😍✨

Sei como é corrido o dia a dia e quanto tempo a gente perde no WhatsApp explicando técnicas (Fio a Fio, Volume Russo, Brasileiro) e enviando tabelas soltas... 📝📲

Criamos o *LashMenu*, um catálogo digital interativo e super elegante para você colocar no link da bio do Instagram e mandar nas conversas, deixando seu atendimento muito mais profissional e acelerando os seus agendamentos! 💖🌸

Posso te mandar um modelo de demonstração para você ver como fica lindo na prática? 👁️✨","Que ótimo Isabela! 😍💖 Segue o link de um modelo pronto para você testar a experiência como se fosse sua cliente:
👉 https://lashmenu.com/c/harmonia-rose ✨

Se você gostar da estrutura, me envia aqui uma foto ou lista dos seus procedimentos com os preços atuais que eu já monto a versão exclusiva do seu estúdio para você ver na prática! 🌸📲","Prontinho Isabela! 🌸✨ Montei o catálogo exclusivo do seu estúdio para você dar uma olhada:
👉 [LINK_DO_CATALOGO_PERSONALIZADO_DELA] 😍💖

A assinatura da plataforma com suporte completo e hospedagem fica por R$ 197 no site oficial (https://lashmenu.com).

Mas como estamos conversando diretamente por aqui no WhatsApp, conseguimos uma condição super especial de 15% de desconto via Pix: fica por apenas *R$ 167 (pagamento único sem mensalidades)*! 🎉💎

Quer que eu já te envie a chave Pix para liberarmos o seu link definitivo hoje mesmo? 🚀💕","Av. 2ª Radial, Qd. 70 - Lt. 06 Sala 2 - Vila Redencao, Goiânia - GO, 74850-040, Brasil",https://www.google.com/maps/search/?api=1&query=Studio%20Isabela%20Souza%20%7C%20C%C3%ADlios%20e%20Sobrancelhas%20em%20Goi%C3%A2nia&query_place_id=ChIJ6_FUKYnxXpMRZl7o8vNiDJE
15,80,Déborah Alvarenga Beauty - Cílios Goiânia / Sobrancelha Natural / Cílios,Nova Suiça,5.0,27,+55 62 98583-6759,https://wa.me/5562985836759,@deborahalvarengabeauty,https://instagram.com/deborahalvarengabeauty?igshid=psiw92bajlso,"Oii Déborah, tudo bem? 💕 Vi o seu perfil no Google e achei os seus trabalhos de cílios simplesmente perfeitos! 😍✨

Sei como é corrido o dia a dia e quanto tempo a gente perde no WhatsApp explicando técnicas (Fio a Fio, Volume Russo, Brasileiro) e enviando tabelas soltas... 📝📲

Criamos o *LashMenu*, um catálogo digital interativo e super elegante para você colocar no link da bio do Instagram e mandar nas conversas, deixando seu atendimento muito mais profissional e acelerando os seus agendamentos! 💖🌸

Posso te mandar um modelo de demonstração para você ver como fica lindo na prática? 👁️✨","Que ótimo Déborah! 😍💖 Segue o link de um modelo pronto para você testar a experiência como se fosse sua cliente:
👉 https://lashmenu.com/c/harmonia-rose ✨

Se você gostar da estrutura, me envia aqui uma foto ou lista dos seus procedimentos com os preços atuais que eu já monto a versão exclusiva do seu estúdio para você ver na prática! 🌸📲","Prontinho Déborah! 🌸✨ Montei o catálogo exclusivo do seu estúdio para você dar uma olhada:
👉 [LINK_DO_CATALOGO_PERSONALIZADO_DELA] 😍💖

A assinatura da plataforma com suporte completo e hospedagem fica por R$ 197 no site oficial (https://lashmenu.com).

Mas como estamos conversando diretamente por aqui no WhatsApp, conseguimos uma condição super especial de 15% de desconto via Pix: fica por apenas *R$ 167 (pagamento único sem mensalidades)*! 🎉💎

Quer que eu já te envie a chave Pix para liberarmos o seu link definitivo hoje mesmo? 🚀💕","Sobrancelha Natural, Cílios, Design, Henna Cílios em - R. C-252, N° 1141 - QD 604, LT 11 - Nova Suiça, Goiânia - GO, 74280-160, Brasil",https://www.google.com/maps/search/?api=1&query=D%C3%A9borah%20Alvarenga%20Beauty%20-%20C%C3%ADlios%20Goi%C3%A2nia%20%2F%20Sobrancelha%20Natural%20%2F%20C%C3%ADlios&query_place_id=ChIJl9chJ-nxXpMRqLdSKfOsPEI
16,80,Yara Ferreira Lash Designer - Extensão de Cílios,Goiânia,5.0,23,+55 62 98314-2423,https://wa.me/5562983142423,@ylashdesign,https://instagram.com/ylashdesign?igshid=NzZlODBkYWE4Ng%3D%3D&utm_source=qr,"Oii Yara, tudo bem? 💕 Vi o seu perfil no Google e achei os seus trabalhos de cílios simplesmente perfeitos! 😍✨

Sei como é corrido o dia a dia e quanto tempo a gente perde no WhatsApp explicando técnicas (Fio a Fio, Volume Russo, Brasileiro) e enviando tabelas soltas... 📝📲

Criamos o *LashMenu*, um catálogo digital interativo e super elegante para você colocar no link da bio do Instagram e mandar nas conversas, deixando seu atendimento muito mais profissional e acelerando os seus agendamentos! 💖🌸

Posso te mandar um modelo de demonstração para você ver como fica lindo na prática? 👁️✨","Que ótimo Yara! 😍💖 Segue o link de um modelo pronto para você testar a experiência como se fosse sua cliente:
👉 https://lashmenu.com/c/harmonia-rose ✨

Se você gostar da estrutura, me envia aqui uma foto ou lista dos seus procedimentos com os preços atuais que eu já monto a versão exclusiva do seu estúdio para você ver na prática! 🌸📲","Prontinho Yara! 🌸✨ Montei o catálogo exclusivo do seu estúdio para você dar uma olhada:
👉 [LINK_DO_CATALOGO_PERSONALIZADO_DELA] 😍💖

A assinatura da plataforma com suporte completo e hospedagem fica por R$ 197 no site oficial (https://lashmenu.com).

Mas como estamos conversando diretamente por aqui no WhatsApp, conseguimos uma condição super especial de 15% de desconto via Pix: fica por apenas *R$ 167 (pagamento único sem mensalidades)*! 🎉💎

Quer que eu já te envie a chave Pix para liberarmos o seu link definitivo hoje mesmo? 🚀💕","R. Poe. Joaquim Bonifácio - Goiânia, GO, 74770-410, Brasil",https://www.google.com/maps/search/?api=1&query=Yara%20Ferreira%20Lash%20Designer%20-%20Extens%C3%A3o%20de%20C%C3%ADlios&query_place_id=ChIJyxTL8p7vXpMR1pVLBLcrUEg
17,80,Studio Kathellem lima - Lash Designer (Extensão de cílios)- Designer de sobrancelha - maquiagem-Depilação,Setor Leste Universitário,5.0,22,+55 62 98629-9681,https://wa.me/5562986299681,,https://linktr.ee/Arthdpn?utm_source=linktree_profile_share&ltsid=3a1ec49b-91d4-48a4-a5ba-e39405d37af9,"Oii Kathellem, tudo bem? 💕 Vi o seu perfil no Google e achei os seus trabalhos de cílios simplesmente perfeitos! 😍✨

Sei como é corrido o dia a dia e quanto tempo a gente perde no WhatsApp explicando técnicas (Fio a Fio, Volume Russo, Brasileiro) e enviando tabelas soltas... 📝📲

Criamos o *LashMenu*, um catálogo digital interativo e super elegante para você colocar no link da bio do Instagram e mandar nas conversas, deixando seu atendimento muito mais profissional e acelerando os seus agendamentos! 💖🌸

Posso te mandar um modelo de demonstração para você ver como fica lindo na prática? 👁️✨","Que ótimo Kathellem! 😍💖 Segue o link de um modelo pronto para você testar a experiência como se fosse sua cliente:
👉 https://lashmenu.com/c/harmonia-rose ✨

Se você gostar da estrutura, me envia aqui uma foto ou lista dos seus procedimentos com os preços atuais que eu já monto a versão exclusiva do seu estúdio para você ver na prática! 🌸📲","Prontinho Kathellem! 🌸✨ Montei o catálogo exclusivo do seu estúdio para você dar uma olhada:
👉 [LINK_DO_CATALOGO_PERSONALIZADO_DELA] 😍💖

A assinatura da plataforma com suporte completo e hospedagem fica por R$ 197 no site oficial (https://lashmenu.com).

Mas como estamos conversando diretamente por aqui no WhatsApp, conseguimos uma condição super especial de 15% de desconto via Pix: fica por apenas *R$ 167 (pagamento único sem mensalidades)*! 🎉💎

Quer que eu já te envie a chave Pix para liberarmos o seu link definitivo hoje mesmo? 🚀💕","R. 233, 1483 - Qd 78 Lt 12 - Setor Leste Universitário, Goiânia - GO, 74605-120, Brasil",https://www.google.com/maps/search/?api=1&query=Studio%20Kathellem%20lima%20-%20Lash%20Designer%20(Extens%C3%A3o%20de%20c%C3%ADlios)-%20Designer%20de%20sobrancelha%20-%20maquiagem-Depila%C3%A7%C3%A3o&query_place_id=ChIJlQQGMQzxXpMRzMyTFfdm_pU
18,75,Studio Lollys Cilios,Nova Suiça,4.5,41,+55 62 99669-6659,https://wa.me/5562996696659,,https://www.lollyscilios.com/,"Oii Lollys, tudo bem? 💕 Vi o seu perfil no Google e achei os seus trabalhos de cílios simplesmente perfeitos! 😍✨

Sei como é corrido o dia a dia e quanto tempo a gente perde no WhatsApp explicando técnicas (Fio a Fio, Volume Russo, Brasileiro) e enviando tabelas soltas... 📝📲

Criamos o *LashMenu*, um catálogo digital interativo e super elegante para você colocar no link da bio do Instagram e mandar nas conversas, deixando seu atendimento muito mais profissional e acelerando os seus agendamentos! 💖🌸

Posso te mandar um modelo de demonstração para você ver como fica lindo na prática? 👁️✨","Que ótimo Lollys! 😍💖 Segue o link de um modelo pronto para você testar a experiência como se fosse sua cliente:
👉 https://lashmenu.com/c/harmonia-rose ✨

Se você gostar da estrutura, me envia aqui uma foto ou lista dos seus procedimentos com os preços atuais que eu já monto a versão exclusiva do seu estúdio para você ver na prática! 🌸📲","Prontinho Lollys! 🌸✨ Montei o catálogo exclusivo do seu estúdio para você dar uma olhada:
👉 [LINK_DO_CATALOGO_PERSONALIZADO_DELA] 😍💖

A assinatura da plataforma com suporte completo e hospedagem fica por R$ 197 no site oficial (https://lashmenu.com).

Mas como estamos conversando diretamente por aqui no WhatsApp, conseguimos uma condição super especial de 15% de desconto via Pix: fica por apenas *R$ 167 (pagamento único sem mensalidades)*! 🎉💎

Quer que eu já te envie a chave Pix para liberarmos o seu link definitivo hoje mesmo? 🚀💕","Av. C-255, 271 - Nova Suiça, Goiânia - GO, 74280-010, Brasil",https://www.google.com/maps/search/?api=1&query=Studio%20Lollys%20Cilios&query_place_id=ChIJGye0ibH2XpMRF8fxewDzYv4
19,75,EXTENSÃO DE CÍLIOS GOIÂNIA- ARIANA,Leste Vila Nova,5.0,32,+55 62 99307-4555,https://wa.me/5562993074555,,,"Oii Ariana, tudo bem? 💕 Vi o seu perfil no Google e achei os seus trabalhos de cílios simplesmente perfeitos! 😍✨

Sei como é corrido o dia a dia e quanto tempo a gente perde no WhatsApp explicando técnicas (Fio a Fio, Volume Russo, Brasileiro) e enviando tabelas soltas... 📝📲

Criamos o *LashMenu*, um catálogo digital interativo e super elegante para você colocar no link da bio do Instagram e mandar nas conversas, deixando seu atendimento muito mais profissional e acelerando os seus agendamentos! 💖🌸

Posso te mandar um modelo de demonstração para você ver como fica lindo na prática? 👁️✨","Que ótimo Ariana! 😍💖 Segue o link de um modelo pronto para você testar a experiência como se fosse sua cliente:
👉 https://lashmenu.com/c/harmonia-rose ✨

Se você gostar da estrutura, me envia aqui uma foto ou lista dos seus procedimentos com os preços atuais que eu já monto a versão exclusiva do seu estúdio para você ver na prática! 🌸📲","Prontinho Ariana! 🌸✨ Montei o catálogo exclusivo do seu estúdio para você dar uma olhada:
👉 [LINK_DO_CATALOGO_PERSONALIZADO_DELA] 😍💖

A assinatura da plataforma com suporte completo e hospedagem fica por R$ 197 no site oficial (https://lashmenu.com).

Mas como estamos conversando diretamente por aqui no WhatsApp, conseguimos uma condição super especial de 15% de desconto via Pix: fica por apenas *R$ 167 (pagamento único sem mensalidades)*! 🎉💎

Quer que eu já te envie a chave Pix para liberarmos o seu link definitivo hoje mesmo? 🚀💕","R. 209-A, 1405 - Leste Vila Nova, Goiânia - GO, 74645-210, Brasil",https://www.google.com/maps/search/?api=1&query=EXTENS%C3%83O%20DE%20C%C3%8DLIOS%20GOI%C3%82NIA-%20ARIANA&query_place_id=ChIJOU-jj6jzXpMROoQLtO7YqUw
20,70,Sobrancelhas Design,Setor Sul,4.6,245,+55 62 97400-1431,https://wa.me/5562974001431,,,"Oii Design, tudo bem? 💕 Vi o seu perfil no Google e achei os seus trabalhos de cílios simplesmente perfeitos! 😍✨

Sei como é corrido o dia a dia e quanto tempo a gente perde no WhatsApp explicando técnicas (Fio a Fio, Volume Russo, Brasileiro) e enviando tabelas soltas... 📝📲

Criamos o *LashMenu*, um catálogo digital interativo e super elegante para você colocar no link da bio do Instagram e mandar nas conversas, deixando seu atendimento muito mais profissional e acelerando os seus agendamentos! 💖🌸

Posso te mandar um modelo de demonstração para você ver como fica lindo na prática? 👁️✨","Que ótimo Design! 😍💖 Segue o link de um modelo pronto para você testar a experiência como se fosse sua cliente:
👉 https://lashmenu.com/c/harmonia-rose ✨

Se você gostar da estrutura, me envia aqui uma foto ou lista dos seus procedimentos com os preços atuais que eu já monto a versão exclusiva do seu estúdio para você ver na prática! 🌸📲","Prontinho Design! 🌸✨ Montei o catálogo exclusivo do seu estúdio para você dar uma olhada:
👉 [LINK_DO_CATALOGO_PERSONALIZADO_DELA] 😍💖

A assinatura da plataforma com suporte completo e hospedagem fica por R$ 197 no site oficial (https://lashmenu.com).

Mas como estamos conversando diretamente por aqui no WhatsApp, conseguimos uma condição super especial de 15% de desconto via Pix: fica por apenas *R$ 167 (pagamento único sem mensalidades)*! 🎉💎

Quer que eu já te envie a chave Pix para liberarmos o seu link definitivo hoje mesmo? 🚀💕","Qd F37 28, R. 88-D, 286 - St. Sul, Goiânia - GO, 74085-115, Brasil",https://www.google.com/maps/search/?api=1&query=Sobrancelhas%20Design&query_place_id=ChIJv6BTMnPxXpMRSTgLft6uVY4
21,70,Elaíne Nascimento Lashdesigner - Extensão de cílios e Designer de Sobrancelha em Goiânia,Parque das Amendoeiras,5.0,19,+55 62 98261-4105,https://wa.me/5562982614105,@en_saladecilios,https://instagram.com/en_saladecilios?utm_medium=copy_link,"Oii Elaíne, tudo bem? 💕 Vi o seu perfil no Google e achei os seus trabalhos de cílios simplesmente perfeitos! 😍✨

Sei como é corrido o dia a dia e quanto tempo a gente perde no WhatsApp explicando técnicas (Fio a Fio, Volume Russo, Brasileiro) e enviando tabelas soltas... 📝📲

Criamos o *LashMenu*, um catálogo digital interativo e super elegante para você colocar no link da bio do Instagram e mandar nas conversas, deixando seu atendimento muito mais profissional e acelerando os seus agendamentos! 💖🌸

Posso te mandar um modelo de demonstração para você ver como fica lindo na prática? 👁️✨","Que ótimo Elaíne! 😍💖 Segue o link de um modelo pronto para você testar a experiência como se fosse sua cliente:
👉 https://lashmenu.com/c/harmonia-rose ✨

Se você gostar da estrutura, me envia aqui uma foto ou lista dos seus procedimentos com os preços atuais que eu já monto a versão exclusiva do seu estúdio para você ver na prática! 🌸📲","Prontinho Elaíne! 🌸✨ Montei o catálogo exclusivo do seu estúdio para você dar uma olhada:
👉 [LINK_DO_CATALOGO_PERSONALIZADO_DELA] 😍💖

A assinatura da plataforma com suporte completo e hospedagem fica por R$ 197 no site oficial (https://lashmenu.com).

Mas como estamos conversando diretamente por aqui no WhatsApp, conseguimos uma condição super especial de 15% de desconto via Pix: fica por apenas *R$ 167 (pagamento único sem mensalidades)*! 🎉💎

Quer que eu já te envie a chave Pix para liberarmos o seu link definitivo hoje mesmo? 🚀💕","Av. Francisco Ludovíco de Almeida, qd35 lote17 - Parque das Amendoeiras, Goiânia - GO, 74780-440, Brasil",https://www.google.com/maps/search/?api=1&query=Ela%C3%ADne%20Nascimento%20Lashdesigner%20-%20Extens%C3%A3o%20de%20c%C3%ADlios%20e%20Designer%20de%20Sobrancelha%20em%20Goi%C3%A2nia&query_place_id=ChIJB0t6XAztXpMRfyugbg31EHw
22,70,Extensão de Cílios - Studio de Cílios Nayara,Bairro Santa Rita,5.0,16,+55 62 98157-6772,https://wa.me/5562981576772,,https://www.studionayara.com.br/,"Oii Cílios, tudo bem? 💕 Vi o seu perfil no Google e achei os seus trabalhos de cílios simplesmente perfeitos! 😍✨

Sei como é corrido o dia a dia e quanto tempo a gente perde no WhatsApp explicando técnicas (Fio a Fio, Volume Russo, Brasileiro) e enviando tabelas soltas... 📝📲

Criamos o *LashMenu*, um catálogo digital interativo e super elegante para você colocar no link da bio do Instagram e mandar nas conversas, deixando seu atendimento muito mais profissional e acelerando os seus agendamentos! 💖🌸

Posso te mandar um modelo de demonstração para você ver como fica lindo na prática? 👁️✨","Que ótimo Cílios! 😍💖 Segue o link de um modelo pronto para você testar a experiência como se fosse sua cliente:
👉 https://lashmenu.com/c/harmonia-rose ✨

Se você gostar da estrutura, me envia aqui uma foto ou lista dos seus procedimentos com os preços atuais que eu já monto a versão exclusiva do seu estúdio para você ver na prática! 🌸📲","Prontinho Cílios! 🌸✨ Montei o catálogo exclusivo do seu estúdio para você dar uma olhada:
👉 [LINK_DO_CATALOGO_PERSONALIZADO_DELA] 😍💖

A assinatura da plataforma com suporte completo e hospedagem fica por R$ 197 no site oficial (https://lashmenu.com).

Mas como estamos conversando diretamente por aqui no WhatsApp, conseguimos uma condição super especial de 15% de desconto via Pix: fica por apenas *R$ 167 (pagamento único sem mensalidades)*! 🎉💎

Quer que eu já te envie a chave Pix para liberarmos o seu link definitivo hoje mesmo? 🚀💕","R. João Luís, qd 07 - LT 07 - Bairro Santa Rita, Goiânia - GO, 74370-580, Brasil",https://www.google.com/maps/search/?api=1&query=Extens%C3%A3o%20de%20C%C3%ADlios%20-%20Studio%20de%20C%C3%ADlios%20Nayara&query_place_id=ChIJG8ux-Ov3XpMRWf58BW9LZ5c
23,70,Joana Paiva studio,Residencial Paulo estrela,5.0,16,+55 62 98511-9914,https://wa.me/5562985119914,@joanapaivastudio,https://instagram.com/joanapaivastudio?igshid=OGQ5ZDc2ODk2ZA==&utm_source=qr,"Oii Joana, tudo bem? 💕 Vi o seu perfil no Google e achei os seus trabalhos de cílios simplesmente perfeitos! 😍✨

Sei como é corrido o dia a dia e quanto tempo a gente perde no WhatsApp explicando técnicas (Fio a Fio, Volume Russo, Brasileiro) e enviando tabelas soltas... 📝📲

Criamos o *LashMenu*, um catálogo digital interativo e super elegante para você colocar no link da bio do Instagram e mandar nas conversas, deixando seu atendimento muito mais profissional e acelerando os seus agendamentos! 💖🌸

Posso te mandar um modelo de demonstração para você ver como fica lindo na prática? 👁️✨","Que ótimo Joana! 😍💖 Segue o link de um modelo pronto para você testar a experiência como se fosse sua cliente:
👉 https://lashmenu.com/c/harmonia-rose ✨

Se você gostar da estrutura, me envia aqui uma foto ou lista dos seus procedimentos com os preços atuais que eu já monto a versão exclusiva do seu estúdio para você ver na prática! 🌸📲","Prontinho Joana! 🌸✨ Montei o catálogo exclusivo do seu estúdio para você dar uma olhada:
👉 [LINK_DO_CATALOGO_PERSONALIZADO_DELA] 😍💖

A assinatura da plataforma com suporte completo e hospedagem fica por R$ 197 no site oficial (https://lashmenu.com).

Mas como estamos conversando diretamente por aqui no WhatsApp, conseguimos uma condição super especial de 15% de desconto via Pix: fica por apenas *R$ 167 (pagamento único sem mensalidades)*! 🎉💎

Quer que eu já te envie a chave Pix para liberarmos o seu link definitivo hoje mesmo? 🚀💕","R. 9, qd 09 lt 02 casa 1 - Residencial Paulo estrela, Goiânia - GO, 74786-444, Brasil",https://www.google.com/maps/search/?api=1&query=Joana%20Paiva%20studio&query_place_id=ChIJJ3J5bgntXpMRud_xJ4tempE
24,70,Cílios Showroom,Crimeia Leste,5.0,15,+55 62 99956-2065,https://wa.me/5562999562065,,https://www.ciliosshowroom.com.br/,"Oii Cílios, tudo bem? 💕 Vi o seu perfil no Google e achei os seus trabalhos de cílios simplesmente perfeitos! 😍✨

Sei como é corrido o dia a dia e quanto tempo a gente perde no WhatsApp explicando técnicas (Fio a Fio, Volume Russo, Brasileiro) e enviando tabelas soltas... 📝📲

Criamos o *LashMenu*, um catálogo digital interativo e super elegante para você colocar no link da bio do Instagram e mandar nas conversas, deixando seu atendimento muito mais profissional e acelerando os seus agendamentos! 💖🌸

Posso te mandar um modelo de demonstração para você ver como fica lindo na prática? 👁️✨","Que ótimo Cílios! 😍💖 Segue o link de um modelo pronto para você testar a experiência como se fosse sua cliente:
👉 https://lashmenu.com/c/harmonia-rose ✨

Se você gostar da estrutura, me envia aqui uma foto ou lista dos seus procedimentos com os preços atuais que eu já monto a versão exclusiva do seu estúdio para você ver na prática! 🌸📲","Prontinho Cílios! 🌸✨ Montei o catálogo exclusivo do seu estúdio para você dar uma olhada:
👉 [LINK_DO_CATALOGO_PERSONALIZADO_DELA] 😍💖

A assinatura da plataforma com suporte completo e hospedagem fica por R$ 197 no site oficial (https://lashmenu.com).

Mas como estamos conversando diretamente por aqui no WhatsApp, conseguimos uma condição super especial de 15% de desconto via Pix: fica por apenas *R$ 167 (pagamento único sem mensalidades)*! 🎉💎

Quer que eu já te envie a chave Pix para liberarmos o seu link definitivo hoje mesmo? 🚀💕","R. Gen. Braz Arantes, 129 - qd09 lt11 - Crimeia Leste, Goiânia - GO, 74660-210, Brasil",https://www.google.com/maps/search/?api=1&query=C%C3%ADlios%20Showroom&query_place_id=ChIJu0BGTGvzXpMRocxq8JKc-Sw
25,70,Studio Katyane Mendes,Parque Atheneu,5.0,11,+55 62 98507-2342,https://wa.me/5562985072342,,"https://api.whatsapp.com/send?phone=5562985072342&text=Oie,+tenho+interesse+em+agendar+um+hor%C3%A1rio.+%ED%A0%BD%ED%B2%93+%ED%A0%BD%ED%B2%93","Oii Katyane, tudo bem? 💕 Vi o seu perfil no Google e achei os seus trabalhos de cílios simplesmente perfeitos! 😍✨

Sei como é corrido o dia a dia e quanto tempo a gente perde no WhatsApp explicando técnicas (Fio a Fio, Volume Russo, Brasileiro) e enviando tabelas soltas... 📝📲

Criamos o *LashMenu*, um catálogo digital interativo e super elegante para você colocar no link da bio do Instagram e mandar nas conversas, deixando seu atendimento muito mais profissional e acelerando os seus agendamentos! 💖🌸

Posso te mandar um modelo de demonstração para você ver como fica lindo na prática? 👁️✨","Que ótimo Katyane! 😍💖 Segue o link de um modelo pronto para você testar a experiência como se fosse sua cliente:
👉 https://lashmenu.com/c/harmonia-rose ✨

Se você gostar da estrutura, me envia aqui uma foto ou lista dos seus procedimentos com os preços atuais que eu já monto a versão exclusiva do seu estúdio para você ver na prática! 🌸📲","Prontinho Katyane! 🌸✨ Montei o catálogo exclusivo do seu estúdio para você dar uma olhada:
👉 [LINK_DO_CATALOGO_PERSONALIZADO_DELA] 😍💖

A assinatura da plataforma com suporte completo e hospedagem fica por R$ 197 no site oficial (https://lashmenu.com).

Mas como estamos conversando diretamente por aqui no WhatsApp, conseguimos uma condição super especial de 15% de desconto via Pix: fica por apenas *R$ 167 (pagamento único sem mensalidades)*! 🎉💎

Quer que eu já te envie a chave Pix para liberarmos o seu link definitivo hoje mesmo? 🚀💕","Rua 2031, R. 1 Unidade 203 - Parque Atheneu, Goiânia - GO, 74890-700, Brasil",https://www.google.com/maps/search/?api=1&query=Studio%20Katyane%20Mendes&query_place_id=ChIJDWwGdzblXpMRd3FPc_MqTIE
26,65,Studio Vidal Priscila,Parque Atheneu,4.8,61,+55 62 98444-9118,https://wa.me/5562984449118,,,"Oii Vidal, tudo bem? 💕 Vi o seu perfil no Google e achei os seus trabalhos de cílios simplesmente perfeitos! 😍✨

Sei como é corrido o dia a dia e quanto tempo a gente perde no WhatsApp explicando técnicas (Fio a Fio, Volume Russo, Brasileiro) e enviando tabelas soltas... 📝📲

Criamos o *LashMenu*, um catálogo digital interativo e super elegante para você colocar no link da bio do Instagram e mandar nas conversas, deixando seu atendimento muito mais profissional e acelerando os seus agendamentos! 💖🌸

Posso te mandar um modelo de demonstração para você ver como fica lindo na prática? 👁️✨","Que ótimo Vidal! 😍💖 Segue o link de um modelo pronto para você testar a experiência como se fosse sua cliente:
👉 https://lashmenu.com/c/harmonia-rose ✨

Se você gostar da estrutura, me envia aqui uma foto ou lista dos seus procedimentos com os preços atuais que eu já monto a versão exclusiva do seu estúdio para você ver na prática! 🌸📲","Prontinho Vidal! 🌸✨ Montei o catálogo exclusivo do seu estúdio para você dar uma olhada:
👉 [LINK_DO_CATALOGO_PERSONALIZADO_DELA] 😍💖

A assinatura da plataforma com suporte completo e hospedagem fica por R$ 197 no site oficial (https://lashmenu.com).

Mas como estamos conversando diretamente por aqui no WhatsApp, conseguimos uma condição super especial de 15% de desconto via Pix: fica por apenas *R$ 167 (pagamento único sem mensalidades)*! 🎉💎

Quer que eu já te envie a chave Pix para liberarmos o seu link definitivo hoje mesmo? 🚀💕","Rua 101 unid101, lote 2, Goiânia - GO, 74893-530, Brasil",https://www.google.com/maps/search/?api=1&query=Studio%20Vidal%20Priscila&query_place_id=ChIJy5B_VJv7XpMRvSe-I9ZXO6M
27,65,Crys Lohany Lashes,Água Branca,5.0,25,+55 62 99116-0845,https://wa.me/5562991160845,,,"Oii Crys, tudo bem? 💕 Vi o seu perfil no Google e achei os seus trabalhos de cílios simplesmente perfeitos! 😍✨

Sei como é corrido o dia a dia e quanto tempo a gente perde no WhatsApp explicando técnicas (Fio a Fio, Volume Russo, Brasileiro) e enviando tabelas soltas... 📝📲

Criamos o *LashMenu*, um catálogo digital interativo e super elegante para você colocar no link da bio do Instagram e mandar nas conversas, deixando seu atendimento muito mais profissional e acelerando os seus agendamentos! 💖🌸

Posso te mandar um modelo de demonstração para você ver como fica lindo na prática? 👁️✨","Que ótimo Crys! 😍💖 Segue o link de um modelo pronto para você testar a experiência como se fosse sua cliente:
👉 https://lashmenu.com/c/harmonia-rose ✨

Se você gostar da estrutura, me envia aqui uma foto ou lista dos seus procedimentos com os preços atuais que eu já monto a versão exclusiva do seu estúdio para você ver na prática! 🌸📲","Prontinho Crys! 🌸✨ Montei o catálogo exclusivo do seu estúdio para você dar uma olhada:
👉 [LINK_DO_CATALOGO_PERSONALIZADO_DELA] 😍💖

A assinatura da plataforma com suporte completo e hospedagem fica por R$ 197 no site oficial (https://lashmenu.com).

Mas como estamos conversando diretamente por aqui no WhatsApp, conseguimos uma condição super especial de 15% de desconto via Pix: fica por apenas *R$ 167 (pagamento único sem mensalidades)*! 🎉💎

Quer que eu já te envie a chave Pix para liberarmos o seu link definitivo hoje mesmo? 🚀💕","Av. F, quadra A - lote 04 - Setor - Água Branca, Goiânia - GO, 74730-320, Brasil",https://www.google.com/maps/search/?api=1&query=Crys%20Lohany%20Lashes&query_place_id=ChIJE3PPbB7xXpMR8fpw2IcHaEo
28,65,Studio Aliany Mendes - Nail Designer,Jardim Bela Vista,5.0,24,+55 62 99632-5778,https://wa.me/5562996325778,,,"Oii Aliany, tudo bem? 💕 Vi o seu perfil no Google e achei os seus trabalhos de cílios simplesmente perfeitos! 😍✨

Sei como é corrido o dia a dia e quanto tempo a gente perde no WhatsApp explicando técnicas (Fio a Fio, Volume Russo, Brasileiro) e enviando tabelas soltas... 📝📲

Criamos o *LashMenu*, um catálogo digital interativo e super elegante para você colocar no link da bio do Instagram e mandar nas conversas, deixando seu atendimento muito mais profissional e acelerando os seus agendamentos! 💖🌸

Posso te mandar um modelo de demonstração para você ver como fica lindo na prática? 👁️✨","Que ótimo Aliany! 😍💖 Segue o link de um modelo pronto para você testar a experiência como se fosse sua cliente:
👉 https://lashmenu.com/c/harmonia-rose ✨

Se você gostar da estrutura, me envia aqui uma foto ou lista dos seus procedimentos com os preços atuais que eu já monto a versão exclusiva do seu estúdio para você ver na prática! 🌸📲","Prontinho Aliany! 🌸✨ Montei o catálogo exclusivo do seu estúdio para você dar uma olhada:
👉 [LINK_DO_CATALOGO_PERSONALIZADO_DELA] 😍💖

A assinatura da plataforma com suporte completo e hospedagem fica por R$ 197 no site oficial (https://lashmenu.com).

Mas como estamos conversando diretamente por aqui no WhatsApp, conseguimos uma condição super especial de 15% de desconto via Pix: fica por apenas *R$ 167 (pagamento único sem mensalidades)*! 🎉💎

Quer que eu já te envie a chave Pix para liberarmos o seu link definitivo hoje mesmo? 🚀💕","Av. Bela Vista, qd i lt1 - Jardim Bela Vista, Goiânia - GO, 74863-050, Brasil",https://www.google.com/maps/search/?api=1&query=Studio%20Aliany%20Mendes%20-%20Nail%20Designer&query_place_id=ChIJkUJBKqrxXpMR6xxIrqyhBBg
29,60,D'Isanto Brows | Design de Sobrancelhas | Brow Lamination | Lash Lifting,Jardim Mariliza,5.0,1,+55 62 98295-0091,https://wa.me/5562982950091,,https://disantobrows.com.br/,"Oii D'isanto, tudo bem? 💕 Vi o seu perfil no Google e achei os seus trabalhos de cílios simplesmente perfeitos! 😍✨

Sei como é corrido o dia a dia e quanto tempo a gente perde no WhatsApp explicando técnicas (Fio a Fio, Volume Russo, Brasileiro) e enviando tabelas soltas... 📝📲

Criamos o *LashMenu*, um catálogo digital interativo e super elegante para você colocar no link da bio do Instagram e mandar nas conversas, deixando seu atendimento muito mais profissional e acelerando os seus agendamentos! 💖🌸

Posso te mandar um modelo de demonstração para você ver como fica lindo na prática? 👁️✨","Que ótimo D'isanto! 😍💖 Segue o link de um modelo pronto para você testar a experiência como se fosse sua cliente:
👉 https://lashmenu.com/c/harmonia-rose ✨

Se você gostar da estrutura, me envia aqui uma foto ou lista dos seus procedimentos com os preços atuais que eu já monto a versão exclusiva do seu estúdio para você ver na prática! 🌸📲","Prontinho D'isanto! 🌸✨ Montei o catálogo exclusivo do seu estúdio para você dar uma olhada:
👉 [LINK_DO_CATALOGO_PERSONALIZADO_DELA] 😍💖

A assinatura da plataforma com suporte completo e hospedagem fica por R$ 197 no site oficial (https://lashmenu.com).

Mas como estamos conversando diretamente por aqui no WhatsApp, conseguimos uma condição super especial de 15% de desconto via Pix: fica por apenas *R$ 167 (pagamento único sem mensalidades)*! 🎉💎

Quer que eu já te envie a chave Pix para liberarmos o seu link definitivo hoje mesmo? 🚀💕","R. Caraíba - Jardim Mariliza, Goiânia - GO, 74885-090, Brasil",https://www.google.com/maps/search/?api=1&query=D'Isanto%20Brows%20%7C%20Design%20de%20Sobrancelhas%20%7C%20Brow%20Lamination%20%7C%20Lash%20Lifting&query_place_id=ChIJURiAgEv7XpMRzE1r8meSquY
30,60,Ynnaê Uchôa Lash Design Micropigmentadora,Jardim das Aroeiras,5.0,1,+55 62 99252-5106,https://wa.me/5562992525106,@ynnaeuchoa,https://instagram.com/ynnaeuchoa?igshid=MTIyMzRjYmRlZg==,"Oii Ynnaê, tudo bem? 💕 Vi o seu perfil no Google e achei os seus trabalhos de cílios simplesmente perfeitos! 😍✨

Sei como é corrido o dia a dia e quanto tempo a gente perde no WhatsApp explicando técnicas (Fio a Fio, Volume Russo, Brasileiro) e enviando tabelas soltas... 📝📲

Criamos o *LashMenu*, um catálogo digital interativo e super elegante para você colocar no link da bio do Instagram e mandar nas conversas, deixando seu atendimento muito mais profissional e acelerando os seus agendamentos! 💖🌸

Posso te mandar um modelo de demonstração para você ver como fica lindo na prática? 👁️✨","Que ótimo Ynnaê! 😍💖 Segue o link de um modelo pronto para você testar a experiência como se fosse sua cliente:
👉 https://lashmenu.com/c/harmonia-rose ✨

Se você gostar da estrutura, me envia aqui uma foto ou lista dos seus procedimentos com os preços atuais que eu já monto a versão exclusiva do seu estúdio para você ver na prática! 🌸📲","Prontinho Ynnaê! 🌸✨ Montei o catálogo exclusivo do seu estúdio para você dar uma olhada:
👉 [LINK_DO_CATALOGO_PERSONALIZADO_DELA] 😍💖

A assinatura da plataforma com suporte completo e hospedagem fica por R$ 197 no site oficial (https://lashmenu.com).

Mas como estamos conversando diretamente por aqui no WhatsApp, conseguimos uma condição super especial de 15% de desconto via Pix: fica por apenas *R$ 167 (pagamento único sem mensalidades)*! 🎉💎

Quer que eu já te envie a chave Pix para liberarmos o seu link definitivo hoje mesmo? 🚀💕","R. JDA Dez, Quadra 07 lote 14 sala 01 - Jardim das Aroeiras, Goiânia - GO, 74770-550, Brasil",https://www.google.com/maps/search/?api=1&query=Ynna%C3%AA%20Uch%C3%B4a%20Lash%20Design%20Micropigmentadora&query_place_id=ChIJiTtbqZfvXpMRIO3w6gfFvF8
31,60,Tiffany Araujo Lash Designer,Dom Fernando II,5.0,1,+55 62 99839-1336,https://wa.me/5562998391336,@perfect.silver_oficial,https://www.instagram.com/perfect.silver_oficial?igsh=MWlubGNjZmFvNTh6bA%3D%3D&utm_source=qr,"Oii Tiffany, tudo bem? 💕 Vi o seu perfil no Google e achei os seus trabalhos de cílios simplesmente perfeitos! 😍✨

Sei como é corrido o dia a dia e quanto tempo a gente perde no WhatsApp explicando técnicas (Fio a Fio, Volume Russo, Brasileiro) e enviando tabelas soltas... 📝📲

Criamos o *LashMenu*, um catálogo digital interativo e super elegante para você colocar no link da bio do Instagram e mandar nas conversas, deixando seu atendimento muito mais profissional e acelerando os seus agendamentos! 💖🌸

Posso te mandar um modelo de demonstração para você ver como fica lindo na prática? 👁️✨","Que ótimo Tiffany! 😍💖 Segue o link de um modelo pronto para você testar a experiência como se fosse sua cliente:
👉 https://lashmenu.com/c/harmonia-rose ✨

Se você gostar da estrutura, me envia aqui uma foto ou lista dos seus procedimentos com os preços atuais que eu já monto a versão exclusiva do seu estúdio para você ver na prática! 🌸📲","Prontinho Tiffany! 🌸✨ Montei o catálogo exclusivo do seu estúdio para você dar uma olhada:
👉 [LINK_DO_CATALOGO_PERSONALIZADO_DELA] 😍💖

A assinatura da plataforma com suporte completo e hospedagem fica por R$ 197 no site oficial (https://lashmenu.com).

Mas como estamos conversando diretamente por aqui no WhatsApp, conseguimos uma condição super especial de 15% de desconto via Pix: fica por apenas *R$ 167 (pagamento único sem mensalidades)*! 🎉💎

Quer que eu já te envie a chave Pix para liberarmos o seu link definitivo hoje mesmo? 🚀💕","Rua Jdf 216 quadra 31 lote 8, interfone 2 - Dom Fernando II, Goiânia - GO, 74765-250, Brasil",https://www.google.com/maps/search/?api=1&query=Tiffany%20Araujo%20Lash%20Designer&query_place_id=ChIJPyOILwDtXpMRWQI8aKon9xs
32,55,Luana Alves - EXTENSÃO DE CÍLIOS,Jardim Vitoria 2,5.0,19,+55 62 99437-6568,https://wa.me/5562994376568,,,"Oii Luana, tudo bem? 💕 Vi o seu perfil no Google e achei os seus trabalhos de cílios simplesmente perfeitos! 😍✨

Sei como é corrido o dia a dia e quanto tempo a gente perde no WhatsApp explicando técnicas (Fio a Fio, Volume Russo, Brasileiro) e enviando tabelas soltas... 📝📲

Criamos o *LashMenu*, um catálogo digital interativo e super elegante para você colocar no link da bio do Instagram e mandar nas conversas, deixando seu atendimento muito mais profissional e acelerando os seus agendamentos! 💖🌸

Posso te mandar um modelo de demonstração para você ver como fica lindo na prática? 👁️✨","Que ótimo Luana! 😍💖 Segue o link de um modelo pronto para você testar a experiência como se fosse sua cliente:
👉 https://lashmenu.com/c/harmonia-rose ✨

Se você gostar da estrutura, me envia aqui uma foto ou lista dos seus procedimentos com os preços atuais que eu já monto a versão exclusiva do seu estúdio para você ver na prática! 🌸📲","Prontinho Luana! 🌸✨ Montei o catálogo exclusivo do seu estúdio para você dar uma olhada:
👉 [LINK_DO_CATALOGO_PERSONALIZADO_DELA] 😍💖

A assinatura da plataforma com suporte completo e hospedagem fica por R$ 197 no site oficial (https://lashmenu.com).

Mas como estamos conversando diretamente por aqui no WhatsApp, conseguimos uma condição super especial de 15% de desconto via Pix: fica por apenas *R$ 167 (pagamento único sem mensalidades)*! 🎉💎

Quer que eu já te envie a chave Pix para liberarmos o seu link definitivo hoje mesmo? 🚀💕","Av. Sr. do Bonfim - Jardim Vitoria 2, Goiânia - GO, 74865-390, Brasil",https://www.google.com/maps/search/?api=1&query=Luana%20Alves%20-%20EXTENS%C3%83O%20DE%20C%C3%8DLIOS&query_place_id=ChIJTZAvan_7XpMR2Jg80sZtYfE
33,55,Maiza Gualberto - Designer,Setor Recanto das Minas Gerais,5.0,16,+55 62 3921-1932,https://wa.me/556239211932,,,"Oii Maiza, tudo bem? 💕 Vi o seu perfil no Google e achei os seus trabalhos de cílios simplesmente perfeitos! 😍✨

Sei como é corrido o dia a dia e quanto tempo a gente perde no WhatsApp explicando técnicas (Fio a Fio, Volume Russo, Brasileiro) e enviando tabelas soltas... 📝📲

Criamos o *LashMenu*, um catálogo digital interativo e super elegante para você colocar no link da bio do Instagram e mandar nas conversas, deixando seu atendimento muito mais profissional e acelerando os seus agendamentos! 💖🌸

Posso te mandar um modelo de demonstração para você ver como fica lindo na prática? 👁️✨","Que ótimo Maiza! 😍💖 Segue o link de um modelo pronto para você testar a experiência como se fosse sua cliente:
👉 https://lashmenu.com/c/harmonia-rose ✨

Se você gostar da estrutura, me envia aqui uma foto ou lista dos seus procedimentos com os preços atuais que eu já monto a versão exclusiva do seu estúdio para você ver na prática! 🌸📲","Prontinho Maiza! 🌸✨ Montei o catálogo exclusivo do seu estúdio para você dar uma olhada:
👉 [LINK_DO_CATALOGO_PERSONALIZADO_DELA] 😍💖

A assinatura da plataforma com suporte completo e hospedagem fica por R$ 197 no site oficial (https://lashmenu.com).

Mas como estamos conversando diretamente por aqui no WhatsApp, conseguimos uma condição super especial de 15% de desconto via Pix: fica por apenas *R$ 167 (pagamento único sem mensalidades)*! 🎉💎

Quer que eu já te envie a chave Pix para liberarmos o seu link definitivo hoje mesmo? 🚀💕","R. SR - 65, 30 - St. Recanto das Minas Gerais, Goiânia - GO, 74785-490, Brasil",https://www.google.com/maps/search/?api=1&query=Maiza%20Gualberto%20-%20Designer&query_place_id=ChIJTbGrc4_tXpMRh9cp08Blirw
34,55,Stúdio Kássia Bianca,Jardim da Luz,5.0,12,+55 62 98582-5267,https://wa.me/5562985825267,,,"Oii Stúdio, tudo bem? 💕 Vi o seu perfil no Google e achei os seus trabalhos de cílios simplesmente perfeitos! 😍✨

Sei como é corrido o dia a dia e quanto tempo a gente perde no WhatsApp explicando técnicas (Fio a Fio, Volume Russo, Brasileiro) e enviando tabelas soltas... 📝📲

Criamos o *LashMenu*, um catálogo digital interativo e super elegante para você colocar no link da bio do Instagram e mandar nas conversas, deixando seu atendimento muito mais profissional e acelerando os seus agendamentos! 💖🌸

Posso te mandar um modelo de demonstração para você ver como fica lindo na prática? 👁️✨","Que ótimo Stúdio! 😍💖 Segue o link de um modelo pronto para você testar a experiência como se fosse sua cliente:
👉 https://lashmenu.com/c/harmonia-rose ✨

Se você gostar da estrutura, me envia aqui uma foto ou lista dos seus procedimentos com os preços atuais que eu já monto a versão exclusiva do seu estúdio para você ver na prática! 🌸📲","Prontinho Stúdio! 🌸✨ Montei o catálogo exclusivo do seu estúdio para você dar uma olhada:
👉 [LINK_DO_CATALOGO_PERSONALIZADO_DELA] 😍💖

A assinatura da plataforma com suporte completo e hospedagem fica por R$ 197 no site oficial (https://lashmenu.com).

Mas como estamos conversando diretamente por aqui no WhatsApp, conseguimos uma condição super especial de 15% de desconto via Pix: fica por apenas *R$ 167 (pagamento único sem mensalidades)*! 🎉💎

Quer que eu já te envie a chave Pix para liberarmos o seu link definitivo hoje mesmo? 🚀💕","L.20 (Esquina com a - Avenida Leonardo da Vinci, R. Gen. Rondon - Jardim da Luz, Goiânia - GO, 74000-000, Brasil",https://www.google.com/maps/search/?api=1&query=St%C3%BAdio%20K%C3%A1ssia%20Bianca&query_place_id=ChIJKcBlqBbxXpMRU98OCKiLOG8
35,50,Studio Jéssica Oliveira,Parque das Amendoeiras,5.0,23,,,,,"Oii Jéssica, tudo bem? 💕 Vi o seu perfil no Google e achei os seus trabalhos de cílios simplesmente perfeitos! 😍✨

Sei como é corrido o dia a dia e quanto tempo a gente perde no WhatsApp explicando técnicas (Fio a Fio, Volume Russo, Brasileiro) e enviando tabelas soltas... 📝📲

Criamos o *LashMenu*, um catálogo digital interativo e super elegante para você colocar no link da bio do Instagram e mandar nas conversas, deixando seu atendimento muito mais profissional e acelerando os seus agendamentos! 💖🌸

Posso te mandar um modelo de demonstração para você ver como fica lindo na prática? 👁️✨","Que ótimo Jéssica! 😍💖 Segue o link de um modelo pronto para você testar a experiência como se fosse sua cliente:
👉 https://lashmenu.com/c/harmonia-rose ✨

Se você gostar da estrutura, me envia aqui uma foto ou lista dos seus procedimentos com os preços atuais que eu já monto a versão exclusiva do seu estúdio para você ver na prática! 🌸📲","Prontinho Jéssica! 🌸✨ Montei o catálogo exclusivo do seu estúdio para você dar uma olhada:
👉 [LINK_DO_CATALOGO_PERSONALIZADO_DELA] 😍💖

A assinatura da plataforma com suporte completo e hospedagem fica por R$ 197 no site oficial (https://lashmenu.com).

Mas como estamos conversando diretamente por aqui no WhatsApp, conseguimos uma condição super especial de 15% de desconto via Pix: fica por apenas *R$ 167 (pagamento único sem mensalidades)*! 🎉💎

Quer que eu já te envie a chave Pix para liberarmos o seu link definitivo hoje mesmo? 🚀💕","Av. Paulo Alves da Costa, 320 - Parque das Amendoeiras, Goiânia - GO, 74780-500, Brasil",https://www.google.com/maps/search/?api=1&query=Studio%20J%C3%A9ssica%20Oliveira&query_place_id=ChIJtxsg20btXpMR27Z_7BfJEeE
36,50,Studio Carvalho,Goiânia,4.8,17,+55 62 93512-2875,https://wa.me/5562935122875,,,"Oii Carvalho, tudo bem? 💕 Vi o seu perfil no Google e achei os seus trabalhos de cílios simplesmente perfeitos! 😍✨

Sei como é corrido o dia a dia e quanto tempo a gente perde no WhatsApp explicando técnicas (Fio a Fio, Volume Russo, Brasileiro) e enviando tabelas soltas... 📝📲

Criamos o *LashMenu*, um catálogo digital interativo e super elegante para você colocar no link da bio do Instagram e mandar nas conversas, deixando seu atendimento muito mais profissional e acelerando os seus agendamentos! 💖🌸

Posso te mandar um modelo de demonstração para você ver como fica lindo na prática? 👁️✨","Que ótimo Carvalho! 😍💖 Segue o link de um modelo pronto para você testar a experiência como se fosse sua cliente:
👉 https://lashmenu.com/c/harmonia-rose ✨

Se você gostar da estrutura, me envia aqui uma foto ou lista dos seus procedimentos com os preços atuais que eu já monto a versão exclusiva do seu estúdio para você ver na prática! 🌸📲","Prontinho Carvalho! 🌸✨ Montei o catálogo exclusivo do seu estúdio para você dar uma olhada:
👉 [LINK_DO_CATALOGO_PERSONALIZADO_DELA] 😍💖

A assinatura da plataforma com suporte completo e hospedagem fica por R$ 197 no site oficial (https://lashmenu.com).

Mas como estamos conversando diretamente por aqui no WhatsApp, conseguimos uma condição super especial de 15% de desconto via Pix: fica por apenas *R$ 167 (pagamento único sem mensalidades)*! 🎉💎

Quer que eu já te envie a chave Pix para liberarmos o seu link definitivo hoje mesmo? 🚀💕","Av. Aristóteles, Qd 36 - Lt 01 - Goiânia, GO, 74885-030, Brasil",https://www.google.com/maps/search/?api=1&query=Studio%20Carvalho&query_place_id=ChIJRdU9x2XxXpMRzCGYU9op7jo
37,45,Studio Lanna Lobo,Parque Atheneu,5.0,3,+55 62 98427-2890,https://wa.me/5562984272890,,,"Oii Lanna, tudo bem? 💕 Vi o seu perfil no Google e achei os seus trabalhos de cílios simplesmente perfeitos! 😍✨

Sei como é corrido o dia a dia e quanto tempo a gente perde no WhatsApp explicando técnicas (Fio a Fio, Volume Russo, Brasileiro) e enviando tabelas soltas... 📝📲

Criamos o *LashMenu*, um catálogo digital interativo e super elegante para você colocar no link da bio do Instagram e mandar nas conversas, deixando seu atendimento muito mais profissional e acelerando os seus agendamentos! 💖🌸

Posso te mandar um modelo de demonstração para você ver como fica lindo na prática? 👁️✨","Que ótimo Lanna! 😍💖 Segue o link de um modelo pronto para você testar a experiência como se fosse sua cliente:
👉 https://lashmenu.com/c/harmonia-rose ✨

Se você gostar da estrutura, me envia aqui uma foto ou lista dos seus procedimentos com os preços atuais que eu já monto a versão exclusiva do seu estúdio para você ver na prática! 🌸📲","Prontinho Lanna! 🌸✨ Montei o catálogo exclusivo do seu estúdio para você dar uma olhada:
👉 [LINK_DO_CATALOGO_PERSONALIZADO_DELA] 😍💖

A assinatura da plataforma com suporte completo e hospedagem fica por R$ 197 no site oficial (https://lashmenu.com).

Mas como estamos conversando diretamente por aqui no WhatsApp, conseguimos uma condição super especial de 15% de desconto via Pix: fica por apenas *R$ 167 (pagamento único sem mensalidades)*! 🎉💎

Quer que eu já te envie a chave Pix para liberarmos o seu link definitivo hoje mesmo? 🚀💕","R. Quatro - Parque Atheneu, Goiânia - GO, 74890-710, Brasil",https://www.google.com/maps/search/?api=1&query=Studio%20Lanna%20Lobo&query_place_id=ChIJVyyXJwDlXpMRWTqlnY4xGBI
38,45,Faby Marques Lash Designer,Santo Hilario,5.0,3,+55 62 99543-4682,https://wa.me/5562995434682,,,"Oii Marques, tudo bem? 💕 Vi o seu perfil no Google e achei os seus trabalhos de cílios simplesmente perfeitos! 😍✨

Sei como é corrido o dia a dia e quanto tempo a gente perde no WhatsApp explicando técnicas (Fio a Fio, Volume Russo, Brasileiro) e enviando tabelas soltas... 📝📲

Criamos o *LashMenu*, um catálogo digital interativo e super elegante para você colocar no link da bio do Instagram e mandar nas conversas, deixando seu atendimento muito mais profissional e acelerando os seus agendamentos! 💖🌸

Posso te mandar um modelo de demonstração para você ver como fica lindo na prática? 👁️✨","Que ótimo Marques! 😍💖 Segue o link de um modelo pronto para você testar a experiência como se fosse sua cliente:
👉 https://lashmenu.com/c/harmonia-rose ✨

Se você gostar da estrutura, me envia aqui uma foto ou lista dos seus procedimentos com os preços atuais que eu já monto a versão exclusiva do seu estúdio para você ver na prática! 🌸📲","Prontinho Marques! 🌸✨ Montei o catálogo exclusivo do seu estúdio para você dar uma olhada:
👉 [LINK_DO_CATALOGO_PERSONALIZADO_DELA] 😍💖

A assinatura da plataforma com suporte completo e hospedagem fica por R$ 197 no site oficial (https://lashmenu.com).

Mas como estamos conversando diretamente por aqui no WhatsApp, conseguimos uma condição super especial de 15% de desconto via Pix: fica por apenas *R$ 167 (pagamento único sem mensalidades)*! 🎉💎

Quer que eu já te envie a chave Pix para liberarmos o seu link definitivo hoje mesmo? 🚀💕","Av. Dom Serafim Gomes Jardim, Qd. 45 - Lt.20 - Santo Hilario, Goiânia - GO, 74780-190, Brasil",https://www.google.com/maps/search/?api=1&query=Faby%20Marques%20Lash%20Designer&query_place_id=ChIJb_Gnc9_tXpMRNJOyzmjiiLo
39,45,Sara de Paula Lash Design,Setor Recanto das Minas Gerais,5.0,1,+55 62 99452-6494,https://wa.me/5562994526494,,,"Oii Sara, tudo bem? 💕 Vi o seu perfil no Google e achei os seus trabalhos de cílios simplesmente perfeitos! 😍✨

Sei como é corrido o dia a dia e quanto tempo a gente perde no WhatsApp explicando técnicas (Fio a Fio, Volume Russo, Brasileiro) e enviando tabelas soltas... 📝📲

Criamos o *LashMenu*, um catálogo digital interativo e super elegante para você colocar no link da bio do Instagram e mandar nas conversas, deixando seu atendimento muito mais profissional e acelerando os seus agendamentos! 💖🌸

Posso te mandar um modelo de demonstração para você ver como fica lindo na prática? 👁️✨","Que ótimo Sara! 😍💖 Segue o link de um modelo pronto para você testar a experiência como se fosse sua cliente:
👉 https://lashmenu.com/c/harmonia-rose ✨

Se você gostar da estrutura, me envia aqui uma foto ou lista dos seus procedimentos com os preços atuais que eu já monto a versão exclusiva do seu estúdio para você ver na prática! 🌸📲","Prontinho Sara! 🌸✨ Montei o catálogo exclusivo do seu estúdio para você dar uma olhada:
👉 [LINK_DO_CATALOGO_PERSONALIZADO_DELA] 😍💖

A assinatura da plataforma com suporte completo e hospedagem fica por R$ 197 no site oficial (https://lashmenu.com).

Mas como estamos conversando diretamente por aqui no WhatsApp, conseguimos uma condição super especial de 15% de desconto via Pix: fica por apenas *R$ 167 (pagamento único sem mensalidades)*! 🎉💎

Quer que eu já te envie a chave Pix para liberarmos o seu link definitivo hoje mesmo? 🚀💕","R. SR - 65, 63 - Q90, L41 - St. Recanto das Minas Gerais, Goiânia - GO, 74785-330, Brasil",https://www.google.com/maps/search/?api=1&query=Sara%20de%20Paula%20Lash%20Design&query_place_id=ChIJeXQZdhvtXpMRzNvNw6fbKUI
40,15,Ana Beatriz Lash Designer,Vila Pedroso,0.0,0,,,,,"Oii Ana, tudo bem? 💕 Vi o seu perfil no Google e achei os seus trabalhos de cílios simplesmente perfeitos! 😍✨

Sei como é corrido o dia a dia e quanto tempo a gente perde no WhatsApp explicando técnicas (Fio a Fio, Volume Russo, Brasileiro) e enviando tabelas soltas... 📝📲

Criamos o *LashMenu*, um catálogo digital interativo e super elegante para você colocar no link da bio do Instagram e mandar nas conversas, deixando seu atendimento muito mais profissional e acelerando os seus agendamentos! 💖🌸

Posso te mandar um modelo de demonstração para você ver como fica lindo na prática? 👁️✨","Que ótimo Ana! 😍💖 Segue o link de um modelo pronto para você testar a experiência como se fosse sua cliente:
👉 https://lashmenu.com/c/harmonia-rose ✨

Se você gostar da estrutura, me envia aqui uma foto ou lista dos seus procedimentos com os preços atuais que eu já monto a versão exclusiva do seu estúdio para você ver na prática! 🌸📲","Prontinho Ana! 🌸✨ Montei o catálogo exclusivo do seu estúdio para você dar uma olhada:
👉 [LINK_DO_CATALOGO_PERSONALIZADO_DELA] 😍💖

A assinatura da plataforma com suporte completo e hospedagem fica por R$ 197 no site oficial (https://lashmenu.com).

Mas como estamos conversando diretamente por aqui no WhatsApp, conseguimos uma condição super especial de 15% de desconto via Pix: fica por apenas *R$ 167 (pagamento único sem mensalidades)*! 🎉💎

Quer que eu já te envie a chave Pix para liberarmos o seu link definitivo hoje mesmo? 🚀💕","R. 2 - Vila Pedroso, Goiânia - GO, 74770-140, Brasil",https://www.google.com/maps/search/?api=1&query=Ana%20Beatriz%20Lash%20Designer&query_place_id=ChIJJRDbBQDvXpMRiKtXEQ_j6_Q
